Faixa_Elo_Media,Media_Variacao_Elo_Brancas,Media_Variacao_Elo_Pretas,Total_Partidas
500-999,0.1008733624454141,0.35109170305676918,2290
1000-1499,-0.37151958482400332,-1.4600785232592461,1032815
1500-1999,0.82359759931195786,-0.13522137105662116,4305599
2000-2499,0.51157833263571861,-0.22790835036655421,900691
2500-2999,0.41243328721091116,-0.3829808262502471,10118